"connectionType","headline","name","photoUrl","profileId","profileUrl","reactionType"
"1st","Creative Director | Designer","Paul Westergard","https://media.licdn.com/dms/image/v2/D5603AQHlOVLXPhKvwA/profile-displayphoto-shrink_100_100/profile-displayphoto-shrink_100_100/0/1707196742765?e=1756944000&v=beta&t=5nHKs_dyeSsH_COfbKjfFohiR3m5zHtH-gScZyohX0o","ACoAAAEr_9IB8kIE-Bd6lKE3OnrrrZCZ9FF3Qok","https://www.linkedin.com/in/ACoAAAEr_9IB8kIE-Bd6lKE3OnrrrZCZ9FF3Qok","LIKE"
"1st","Executive Creative Director at Intuit","Christopher Clarke","https://media.licdn.com/dms/image/v2/D5603AQF47rBC2NuwqA/profile-displayphoto-shrink_100_100/profile-displayphoto-shrink_100_100/0/1707198907024?e=1756944000&v=beta&t=PGg_iFittojoHeX5gIxHsQKbd1hmO0O3KFoAQ_LYcG4","ACoAAAGRqlgBX6w78mVmcoyrGxTd5jdJ0u6nBfA","https://www.linkedin.com/in/ACoAAAGRqlgBX6w78mVmcoyrGxTd5jdJ0u6nBfA","LIKE"
"1st","Motion Designer | Co-Founder @Kokosh Studio","Ivan Milošević","https://media.licdn.com/dms/image/v2/D4E03AQEFtPHd3K_Kyw/profile-displayphoto-shrink_100_100/profile-displayphoto-shrink_100_100/0/1730984796995?e=1756944000&v=beta&t=KH47dzIuZFxRI_kK4dDKEUhJmSepbj9jeYjvMTK3vlI","ACoAABv7wOYBVf6DqWNe7xNx1tpJ2qcfO5ZsgQU","https://www.linkedin.com/in/ACoAABv7wOYBVf6DqWNe7xNx1tpJ2qcfO5ZsgQU","EMPATHY"
"1st","Creative Director | SaaS Marketing Design Leader | Transforming Creative Vision into Business Value | Advocate for Scalable Brand Systems","Itai Lahav","https://media.licdn.com/dms/image/v2/D4D03AQHzCTGeIbWDjg/profile-displayphoto-shrink_400_400/B4DZP3mXT.G0Ag-/0/1735025852786?e=1756944000&v=beta&t=wpHL4Qa7byQb599oFtWx9GDuEA9Q6KXXJt3BzIM2ods","ACoAAAJkUmcB99zeApM61KU6I6GKz3J087Xoos8","https://www.linkedin.com/in/ACoAAAJkUmcB99zeApM61KU6I6GKz3J087Xoos8","LIKE"
"1st","Senior Motion Designer/Animator","Lyuben Karamarinov","https://media.licdn.com/dms/image/v2/C4E03AQFn2x8M_aX64A/profile-displayphoto-shrink_100_100/profile-displayphoto-shrink_100_100/0/1655564514672?e=1756944000&v=beta&t=OhUcTILXyevEiz-sfBDuEDzFuElFymljSgTYm_9pgAQ","ACoAABoWrAIBC5GAxY33xvVWhwuFj0ESMtjv7jI","https://www.linkedin.com/in/ACoAABoWrAIBC5GAxY33xvVWhwuFj0ESMtjv7jI","LIKE"
"1st","Communication-first, Design-driven Motion for Brands AE | Blender | Unity | Rive","Sreejith K","https://media.licdn.com/dms/image/v2/D5603AQHZVnvWLr7HUQ/profile-displayphoto-shrink_100_100/profile-displayphoto-shrink_100_100/0/1719012861053?e=1756944000&v=beta&t=wNWO9ZXmo6Z09JcV_FL-NPGnjPQAxN9QIHrsIPS6oIQ","ACoAACOPhcQB3W12WR3cfkoKSRac9_P4e6yNcdA","https://www.linkedin.com/in/ACoAACOPhcQB3W12WR3cfkoKSRac9_P4e6yNcdA","EMPATHY"
"3rd+","Sr. Manager, Clinical Program Design at Amwell","Jennifer Shoaf Teller MSN, RN","https://media.licdn.com/dms/image/v2/D4E03AQF8Zb9jlcnZJw/profile-displayphoto-shrink_100_100/profile-displayphoto-shrink_100_100/0/1728513123563?e=1756944000&v=beta&t=hh-cIA3a928X5S2_79eEY9RlLZPaIOUUrFeTn0GmE78","ACoAAAhnliUBynfywwCUJOwrfUAwuC5JMrISXuk","https://www.linkedin.com/in/ACoAAAhnliUBynfywwCUJOwrfUAwuC5JMrISXuk","APPRECIATION"
"2nd","Senior Art Director @ Keller Williams Realty, LLC. | Creative Direction","Analilia Morales","https://media.licdn.com/dms/image/v2/D5603AQGFCQp2FQOyOQ/profile-displayphoto-shrink_100_100/profile-displayphoto-shrink_100_100/0/1718232176501?e=1756944000&v=beta&t=NS8tzzZZfwd2C7EsXvC0AJjw8PSfLzsRQPOSKeeBQZs","ACoAAAigv64B0MvgQNP1oL6ZYEjeRHxsIpESlko","https://www.linkedin.com/in/ACoAAAigv64B0MvgQNP1oL6ZYEjeRHxsIpESlko","LIKE"
"3rd+","Senior Buyer- Supply Chain Management- Procurement- Finance-Mayo Clinic -Creative Outlook - Communications- Artist- Graphic Design","Katie Hasleiet","https://media.licdn.com/dms/image/v2/D5635AQHd-4RyuXxaHw/profile-framedphoto-shrink_400_400/profile-framedphoto-shrink_400_400/0/1722426913913?e=1751990400&v=beta&t=9cBO2vS2wQ1VdRS-uK4UgJygPzldY113nlUZkrFEj-Q","ACoAABTUxbYBjJcXTOrZ78MrlmCpzMdXG4Y5NoY","https://www.linkedin.com/in/ACoAABTUxbYBjJcXTOrZ78MrlmCpzMdXG4Y5NoY","EMPATHY"
"2nd","Brand Designer @ Eli Lilly","Krystal K.","https://media.licdn.com/dms/image/v2/C5603AQGO_kuQ8BNoGA/profile-displayphoto-shrink_100_100/profile-displayphoto-shrink_100_100/0/1609792852396?e=1756944000&v=beta&t=pDTQCcOlYKz4rg2aWecFPEQirMQwKi6Qg4KAdXU-GVI","ACoAAAUYf6EBr3QhEVR1ZCDGcWlZvQjiOIMrvzw","https://www.linkedin.com/in/ACoAAAUYf6EBr3QhEVR1ZCDGcWlZvQjiOIMrvzw","LIKE"
"2nd","Motion Designer - Post Pro","Bagas M.",,"ACoAACQpczgBnXQCMZDTpZNOGQ4E9D066yNNqIY","https://www.linkedin.com/in/ACoAACQpczgBnXQCMZDTpZNOGQ4E9D066yNNqIY","LIKE"
"2nd","Art Director | 3D Generalist","Michael Wynne","https://media.licdn.com/dms/image/v2/D5603AQHi6A14iOU_Fw/profile-displayphoto-shrink_100_100/profile-displayphoto-shrink_100_100/0/1674619722214?e=1756944000&v=beta&t=ob3jnqxUPwQfOk9N-Vcuy3VNmeJY4cMZPVq_0TPhPYA","ACoAAACZXFgBceve263Ty0RiWADF6pp54WY40PY","https://www.linkedin.com/in/ACoAAACZXFgBceve263Ty0RiWADF6pp54WY40PY","LIKE"
"2nd","Digital Designer","Zihyun Kim",,"ACoAACOGqjIBrbXs8CgEtZhhzcfUH4LVw0yA0LA","https://www.linkedin.com/in/ACoAACOGqjIBrbXs8CgEtZhhzcfUH4LVw0yA0LA","LIKE"
"2nd","Creative Director - Experience Design Team at U.S. Bank","Jenna Leskela","https://media.licdn.com/dms/image/v2/D5603AQH41KW86PWuqw/profile-displayphoto-shrink_100_100/B56ZcZkRjRHEAY-/0/1748480629410?e=1756944000&v=beta&t=zNOHYCjhtlXMInprAAJTRul5GpRhJngCC_NSwTQptVU","ACoAAABaVHcBIP7L39XF5FN0sqKOZ8J9x4extss","https://www.linkedin.com/in/ACoAAABaVHcBIP7L39XF5FN0sqKOZ8J9x4extss","LIKE"
"2nd","Head of Motion Design @ ZoomInfo","Ryan Sweeney","https://media.licdn.com/dms/image/v2/D4E03AQHyhkaY_YKhRw/profile-displayphoto-shrink_100_100/profile-displayphoto-shrink_100_100/0/1685884477945?e=1756944000&v=beta&t=Xi7ouQDMvIyJha0NirKn75H6MpzGRoZUavyYhAsX5GY","ACoAAAMb0HcBV_0s4HeqS2Wc7qEogkPV5X01U78","https://www.linkedin.com/in/ACoAAAMb0HcBV_0s4HeqS2Wc7qEogkPV5X01U78","LIKE"
"3rd+","Designer | Branding, UX/UI, Motion Graphics & Webflow","Ognjen Marinkovic","https://media.licdn.com/dms/image/v2/D4D03AQGUEFB_3QufbQ/profile-displayphoto-shrink_400_400/B4DZUFqHv2G8Ak-/0/1739556683108?e=1756944000&v=beta&t=O4jwtm1X5HXiFvZarpUODyvVDOPL2u7THmw6eMVS9FY","ACoAACs9tQEBFmP0DED3PAJn6aNHTXS54bYwvHg","https://www.linkedin.com/in/ACoAACs9tQEBFmP0DED3PAJn6aNHTXS54bYwvHg","LIKE"
"2nd","Digital Designer UI/UX Product","Tatenda Takavarasha","https://media.licdn.com/dms/image/v2/D4E03AQFW8TPol9XeXw/profile-displayphoto-shrink_100_100/profile-displayphoto-shrink_100_100/0/1728813794144?e=1756944000&v=beta&t=u69TggHMoeLFR0-Yd_aQjbNypUBAEAZDrRmWa4zjDR8","ACoAAAdYrH0BqzGrI1RnSdxNIUXHBy796Nq2uq4","https://www.linkedin.com/in/ACoAAAdYrH0BqzGrI1RnSdxNIUXHBy796Nq2uq4","EMPATHY"
"2nd","Art direction, Graphic and Motion design","Mariana Ramirez Uzcategui","https://media.licdn.com/dms/image/v2/D4D35AQGJ6J-qExgIKw/profile-framedphoto-shrink_400_400/profile-framedphoto-shrink_400_400/0/1694532657165?e=1751990400&v=beta&t=7nDXdgLk0MObUFmrGAnfLjwRRTtmT3OwxhTtzS9yeQo","ACoAAANCmH4BqwybPEj6XesscxM_s-HrGy38ZxI","https://www.linkedin.com/in/ACoAAANCmH4BqwybPEj6XesscxM_s-HrGy38ZxI","EMPATHY"
"2nd","Freelance Art Director /Motion Designer || ivanmiguel.com","Ivan Miguel","https://media.licdn.com/dms/image/v2/D5603AQH9txyxK5BjJA/profile-displayphoto-shrink_100_100/profile-displayphoto-shrink_100_100/0/1668728910602?e=1756944000&v=beta&t=x0390ZBaEOcaSPaEGFjCQKugEyP3_Qb7wEwZ-se6X4s","ACoAAAe2u9YBlCInW87IYN9NKAwzm3M-dTsZ5hE","https://www.linkedin.com/in/ACoAAAe2u9YBlCInW87IYN9NKAwzm3M-dTsZ5hE","LIKE"
"2nd","Campaign & Creative Manager | MBA","Gilbert Joseph","https://media.licdn.com/dms/image/v2/D4E03AQH6IWi7LdJipg/profile-displayphoto-shrink_100_100/profile-displayphoto-shrink_100_100/0/1715923609204?e=1756944000&v=beta&t=ymmXh-OLfhlBH265Y6tDjt25WusRUg1iPnDSRwBBzOM","ACoAABffgioBL2f4u4jGdEJG80iA8vxwrDWiuxY","https://www.linkedin.com/in/ACoAABffgioBL2f4u4jGdEJG80iA8vxwrDWiuxY","PRAISE"
"2nd","Founder & Design Director @ Tennis | UX Design and Strategy | Digital Transformation | Experiential | Brand | Web and Product Design/Development","Symon Oliver","https://media.licdn.com/dms/image/v2/D5603AQGjhINVozmdog/profile-displayphoto-shrink_100_100/B56ZY5YqjbGcAc-/0/1744719489624?e=1756944000&v=beta&t=kmB2C3Bzm8H_wBI4VRqls2N2v_WXpz5xSPm-Uwv1byo","ACoAAAJBDcgBRAkiUr9ZOecX0sm0eZCbJbyfeo8","https://www.linkedin.com/in/ACoAAAJBDcgBRAkiUr9ZOecX0sm0eZCbJbyfeo8","LIKE"
"2nd","Freelance Motion Designer and Graphics Design Artist |","Aakash Kumar","https://media.licdn.com/dms/image/v2/D5603AQEff8BzOOgATQ/profile-displayphoto-shrink_200_200/B56ZbIXS18HgAY-/0/1747118272857?e=1756944000&v=beta&t=XM7DebzKERDD9pT5ALzNWRLIvXdkHqAhCgb0IlHsCOE","ACoAADVfrIAB26qqC1up897c5v-KVaGOOPxPOeg","https://www.linkedin.com/in/ACoAADVfrIAB26qqC1up897c5v-KVaGOOPxPOeg","LIKE"
"2nd","Motion Designer at CRESCI'S","Hugo Bustamante","https://media.licdn.com/dms/image/v2/D4D03AQFWho35VyB8xQ/profile-displayphoto-shrink_100_100/profile-displayphoto-shrink_100_100/0/1673378684015?e=1756944000&v=beta&t=EPbCIOxT0dKdVxqr5ziddXvEOdKW9HDrfShflbMvD54","ACoAACnedDsBRCQs4X-tj04dsVbJkgzwaIim3tg","https://www.linkedin.com/in/ACoAACnedDsBRCQs4X-tj04dsVbJkgzwaIim3tg","LIKE"
"2nd","Video and Motion Designer | Master of Design - MDes","Ekansh Mathnikar","https://media.licdn.com/dms/image/v2/D4D03AQF00xOk9UwIcw/profile-displayphoto-shrink_800_800/B4DZQRMGL8HMAc-/0/1735455172436?e=1756944000&v=beta&t=j2O_H86TqJE6HrQxdNzmkRI0bVragL-ZrhzbM9PY11s","ACoAAClGgCsBCiZfJIR-TDW1t6a-rBkvtJMPrUs","https://www.linkedin.com/in/ACoAAClGgCsBCiZfJIR-TDW1t6a-rBkvtJMPrUs","LIKE"
"3rd+","Freelance Brand & Web Designer who helps ambitious founders turn bold ideas into brands that stick and websites that sell","Bogdan Zerenidis","https://media.licdn.com/dms/image/v2/D4D03AQGhdTV2VJf4iA/profile-displayphoto-shrink_200_200/B4DZbk7t_hG8Ac-/0/1747597582678?e=1756944000&v=beta&t=Drcg88oUy0ZJW1NtGq9_qHvDtLme7RI8L3uetCb8iEU","ACoAACjCTtAB4w1HoJ7qG8ubyljvk1HZVARPVZM","https://www.linkedin.com/in/ACoAACjCTtAB4w1HoJ7qG8ubyljvk1HZVARPVZM","LIKE"
"3rd+","Product Design Manager at Cisco","Noureen K.",,"ACoAAAPwotwBnJgbFDZt1VUv6aNEflUfV7QMOvU","https://www.linkedin.com/in/ACoAAAPwotwBnJgbFDZt1VUv6aNEflUfV7QMOvU","PRAISE"
"2nd","Associate Creative Director at Apple","Esther Chang","https://media.licdn.com/dms/image/v2/C4D03AQGN4zhZAO7XnA/profile-displayphoto-shrink_100_100/profile-displayphoto-shrink_100_100/0/1517285089143?e=1756944000&v=beta&t=V5ppO5-czQf9zHli2QB52O8XBHUJAJNaM6kHP4gxOeQ","ACoAAAVLelYBr85vu9b6aR4fIQHA8n8Ygcv25rI","https://www.linkedin.com/in/ACoAAAVLelYBr85vu9b6aR4fIQHA8n8Ygcv25rI","EMPATHY"
"2nd","Graphic Designer | Motion Designer","Wanessa Marinho","https://media.licdn.com/dms/image/v2/C4E03AQHXC9M_BuNodg/profile-displayphoto-shrink_100_100/profile-displayphoto-shrink_100_100/0/1600724865783?e=1756944000&v=beta&t=pxbKq44EnbJLXOtaFoXktYQ2S1Epkkyy2uQyr4cabeU","ACoAADKLzq8BLltTzHAI2Tys3Pqk9Qvi4fX7Jfo","https://www.linkedin.com/in/ACoAADKLzq8BLltTzHAI2Tys3Pqk9Qvi4fX7Jfo","EMPATHY"
"2nd","Freelance 3D/2D Motion Designer | C4D/HU/RS/AE/PR | Video Editor | Ex. Computerface","Willy Hsieh","https://media.licdn.com/dms/image/v2/D5635AQFEVZtSVO-iEw/profile-framedphoto-shrink_200_200/B56Zcb7OXoGoAc-/0/1748520200014?e=1751990400&v=beta&t=yx2O_yfOj_qKJE53B_1k9bQL7FAVpfke8YFcvOK68Ok","ACoAADYID70BYKXTbF2aBGk77zLE368ucKv3_I4","https://www.linkedin.com/in/ACoAADYID70BYKXTbF2aBGk77zLE368ucKv3_I4","LIKE"
"2nd","🚀 Co-Founder at Gillu Studio | 10+ Years in Motion Design | Expert in motion design for Apps & Web 🚀","SAGAR SONI","https://media.licdn.com/dms/image/v2/D5603AQGOw1j0VWMfbA/profile-displayphoto-shrink_100_100/profile-displayphoto-shrink_100_100/0/1725868256975?e=1756944000&v=beta&t=dJ61e7MRxQvk8CyVh8sjts9-02DB8S0OqzAacRzvYoc","ACoAAAjPRJgBbB5lXYdMxGNH7G7a649AkfZro50","https://www.linkedin.com/in/ACoAAAjPRJgBbB5lXYdMxGNH7G7a649AkfZro50","LIKE"
"2nd","Motion Designer @Studio Carbon","Pavan Sachaniya","https://media.licdn.com/dms/image/v2/D4D03AQFVvuWZae9kVw/profile-displayphoto-shrink_100_100/profile-displayphoto-shrink_100_100/0/1706910772644?e=1756944000&v=beta&t=-ATYtb6eFCqrQKfxFoxufjpuvRbZVNbMeF6rNZPysYk","ACoAACeqMp4BTRXl2CGVd36ZsKvAOrhcK6pvfgw","https://www.linkedin.com/in/ACoAACeqMp4BTRXl2CGVd36ZsKvAOrhcK6pvfgw","LIKE"
"2nd","I create lasting impressions for tech & web3 companies by weaving stories that resonate and visuals that attract.","Leo Quinter","https://media.licdn.com/dms/image/v2/D4E03AQEmCxk3IjgZcQ/profile-displayphoto-scale_200_200/B4EZeOKIOqHIAY-/0/1750436710148?e=1756944000&v=beta&t=AZfTFYpR1S9SugUQgcrX-tRmB_uvKZ-Hssh_KT18NMc","ACoAAE9VolIBiwDz0SDyCJK4y9_7jfZZzVPinH8","https://www.linkedin.com/in/ACoAAE9VolIBiwDz0SDyCJK4y9_7jfZZzVPinH8","LIKE"
"2nd","🎬 Audiovisual Content | ♟ Gamification | 🧩 Transmedia","RAQUEL PALOMA TEJEIRO","https://media.licdn.com/dms/image/v2/C4D03AQHkGdRXblrDTw/profile-displayphoto-shrink_100_100/profile-displayphoto-shrink_100_100/0/1632993502222?e=1756944000&v=beta&t=9WdIdV2k8hDfim70eA08N75tA4UjZE6wiptNJsfVmpY","ACoAAA2Ao5QBTRS8N-lQ50sPtEVv7dHAtD8FJss","https://www.linkedin.com/in/ACoAAA2Ao5QBTRS8N-lQ50sPtEVv7dHAtD8FJss","LIKE"
"3rd+","--","Niranjan Mallick","https://media.licdn.com/dms/image/v2/D5603AQFKTOEssHZksA/profile-displayphoto-shrink_100_100/profile-displayphoto-shrink_100_100/0/1694162871864?e=1756944000&v=beta&t=0OuxvA9fayG6wa5z1Qu7tUEbw3inC8ZmQGGfoACUHaw","ACoAADQUjkwBCK_47ChELh_MbE1K3C0UyU5HXwg","https://www.linkedin.com/in/ACoAADQUjkwBCK_47ChELh_MbE1K3C0UyU5HXwg","LIKE"
"2nd","Senior Animator at Fifteen4 Creative Agency","Farid Mahmoodi","https://media.licdn.com/dms/image/v2/C4E03AQEV9-1BWt_7Mg/profile-displayphoto-shrink_100_100/profile-displayphoto-shrink_100_100/0/1644282376449?e=1756944000&v=beta&t=x03VsxCUu82P6Hmc9_CXpF5ukjzAkcZ0FrAyhzP7f0A","ACoAABDmGOIBiudYY27NjYZS1PwGg-dglQvS6ww","https://www.linkedin.com/in/ACoAABDmGOIBiudYY27NjYZS1PwGg-dglQvS6ww","LIKE"
"2nd","Motion Designer | Project Manager | 2D Animator | Video Editor","Jonas P. Carobin",,"ACoAACVR_5UBILNwEEtTIsY3uwAFHqfEaD7P0ms","https://www.linkedin.com/in/ACoAACVR_5UBILNwEEtTIsY3uwAFHqfEaD7P0ms","LIKE"
"3rd+","Motion Design - VFX - Video - Post Production | Young Lions Winner 2023","Liliana Dantas","https://media.licdn.com/dms/image/v2/C4D03AQEMCqQCmFuz9g/profile-displayphoto-shrink_100_100/profile-displayphoto-shrink_100_100/0/1616676696594?e=1756944000&v=beta&t=eV5S11iIXJicOhNFCLj1mAttMuv-JaTi-wDaQlcWmck","ACoAABsXnfgBsTQmFmGjHzGvNFa96WX2haXHILo","https://www.linkedin.com/in/ACoAABsXnfgBsTQmFmGjHzGvNFa96WX2haXHILo","LIKE"
"2nd","Motion Designer - Art Director","Michael Fremaux","https://media.licdn.com/dms/image/v2/D4E03AQFchGNrWe5GwQ/profile-displayphoto-shrink_100_100/profile-displayphoto-shrink_100_100/0/1680649192211?e=1756944000&v=beta&t=IFS-G0YUGbnccxUSwSszbbsHf4xh39rp6PpGWOF-omQ","ACoAAAb7p28Bz1YNx0FWWqYCygSGXoAN3H_IZrI","https://www.linkedin.com/in/ACoAAAb7p28Bz1YNx0FWWqYCygSGXoAN3H_IZrI","LIKE"
"2nd","Creative | Motion Designer | Founder at Follow Film","Alexander Zeeman","https://media.licdn.com/dms/image/v2/D4D03AQF0mro8mz9FfQ/profile-displayphoto-shrink_100_100/profile-displayphoto-shrink_100_100/0/1663360713743?e=1756944000&v=beta&t=Bvp3qiKmaxu2C3FpcmfP4rRpdB9966eGX4WfRQ4CYY0","ACoAAA9RtiQBIwJMgqYHAw1536IuYrPyajNgX8A","https://www.linkedin.com/in/ACoAAA9RtiQBIwJMgqYHAw1536IuYrPyajNgX8A","LIKE"
"2nd","Motion & Product Design at Uber","Liz Hayward","https://media.licdn.com/dms/image/v2/D5603AQH3bYzmQ0umRw/profile-displayphoto-shrink_100_100/profile-displayphoto-shrink_100_100/0/1719189390733?e=1756944000&v=beta&t=uA60UsbCBu9fvW_8Kon3pqUdS4wsymDKOkcVO5Z-vWk","ACoAAArRPJ4BAghPB4Z-Sd119mA8YvSDRH5sNaE","https://www.linkedin.com/in/ACoAAArRPJ4BAghPB4Z-Sd119mA8YvSDRH5sNaE","LIKE"
"2nd","Visual Designer at estudio/nk ®","Javier Rojas Hernández","https://media.licdn.com/dms/image/v2/D4D03AQGRt-H56oczMg/profile-displayphoto-shrink_100_100/profile-displayphoto-shrink_100_100/0/1686302168789?e=1756944000&v=beta&t=naTMbq585lOxNY0A8WssrSwPrJ4BZcbCpzA5tAe2XnM","ACoAAC3dgmMB0C2L1kwRA7kSfcHH4CA2KyFpOO4","https://www.linkedin.com/in/ACoAAC3dgmMB0C2L1kwRA7kSfcHH4CA2KyFpOO4","LIKE"
"2nd","Senior Graphic Designer at Bruce Mau Design","Joshua Pong","https://media.licdn.com/dms/image/v2/C4E03AQHrw2xBI3rFDQ/profile-displayphoto-shrink_100_100/profile-displayphoto-shrink_100_100/0/1658162925743?e=1756944000&v=beta&t=1tM-bOX2HInLprJkXm6fxKTmisNa4kOIZ3fdtKLHBPY","ACoAADzXAqMBYYEIxjDqPsBp5Prg47z_y9Gg4vw","https://www.linkedin.com/in/ACoAADzXAqMBYYEIxjDqPsBp5Prg47z_y9Gg4vw","LIKE"
"2nd","Creative Director","Laurence Mencé","https://media.licdn.com/dms/image/v2/C4D03AQEdsut-N2r-cg/profile-displayphoto-shrink_100_100/profile-displayphoto-shrink_100_100/0/1596262031263?e=1756944000&v=beta&t=58LeLbMD9dDwogjoYFgnlfA24EKOeMWR2BMMGGuvKZQ","ACoAAABpoFsBBYQ-ZV-Sm1NJt9mVNVHIJgarbrg","https://www.linkedin.com/in/ACoAAABpoFsBBYQ-ZV-Sm1NJt9mVNVHIJgarbrg","LIKE"
"2nd","Senior Content Specialist at Hello, - Motion Designer 2D/3D - Art Director - Video Editor - Video Production Supervisor","Silvia Belá","https://media.licdn.com/dms/image/v2/D4D03AQEYGOwEulFHpw/profile-displayphoto-shrink_100_100/profile-displayphoto-shrink_100_100/0/1683630237181?e=1756944000&v=beta&t=w3KzuDpq4x_ObkwbojQDBbj6QznERvPYw6nl2S2f4WU","ACoAACQzCAUB-plOaQZCoOTq4BJJpJfNQYyNlqs","https://www.linkedin.com/in/ACoAACQzCAUB-plOaQZCoOTq4BJJpJfNQYyNlqs","LIKE"
"2nd","Fundadora y diseñadora motion graphics en Wowmotion | Transformamos ideas en vídeos animados para marcas","Lara Garcia","https://media.licdn.com/dms/image/v2/D4D03AQG2-u7OlbU3Ag/profile-displayphoto-shrink_100_100/profile-displayphoto-shrink_100_100/0/1731493197281?e=1756944000&v=beta&t=FmcjFx81HB8FURGFOZnLeOeBw8UbT7GiLiRGvhHu2H0","ACoAAAYdyVMB0gunup3QHa-iOgtveJn2fmAcJ_A","https://www.linkedin.com/in/ACoAAAYdyVMB0gunup3QHa-iOgtveJn2fmAcJ_A","EMPATHY"
"2nd","↘ Independent Motion Designer & Art Director","Ameen Shahid","https://media.licdn.com/dms/image/v2/D5603AQHgdC1qiIRHiA/profile-displayphoto-shrink_100_100/profile-displayphoto-shrink_100_100/0/1686126360706?e=1756944000&v=beta&t=fQHDEe2y0sGx3k1-Fxt_EZSyG99Hzp4mvUGVq2xXuSM","ACoAABg2fIMBlFzNYHLc2-SlqUxuMHI2Qv6Lliw","https://www.linkedin.com/in/ACoAABg2fIMBlFzNYHLc2-SlqUxuMHI2Qv6Lliw","LIKE"
"2nd","Digital and Motion Designer","Hayley Langton","https://media.licdn.com/dms/image/v2/D4E03AQERDhe4o8eSQQ/profile-displayphoto-shrink_100_100/profile-displayphoto-shrink_100_100/0/1680689697367?e=1756944000&v=beta&t=ljk_Xd-NutFWrnCKlp-pxOABJv_s7jMHmx5Vji3CWWA","ACoAABEG_ocBtIbZ6cqtBbf6_yqHFYz23v4gYB8","https://www.linkedin.com/in/ACoAABEG_ocBtIbZ6cqtBbf6_yqHFYz23v4gYB8","LIKE"
"2nd","Motion, Design & Direction → Nothing.tech, YouTube, W+K, Koto, Wonderhood, Mother, Accept & Proceed and more.","Rocco Natale","https://media.licdn.com/dms/image/v2/D4E03AQGhGpBFfY4H8w/profile-displayphoto-shrink_100_100/profile-displayphoto-shrink_100_100/0/1664963040347?e=1756944000&v=beta&t=LleNnInh-2NEaLlnQVL0GUfOD7n-4domt-Av0Pj4YwE","ACoAAAx3UUEBEKVl2hVuM8ycmtNYtBWlE_Bsqx4","https://www.linkedin.com/in/ACoAAAx3UUEBEKVl2hVuM8ycmtNYtBWlE_Bsqx4","EMPATHY"
"2nd","Senior Motion Graphic Designer","Salma Magdi","https://media.licdn.com/dms/image/v2/D5603AQHfcbgxfcHTfA/profile-displayphoto-shrink_100_100/profile-displayphoto-shrink_100_100/0/1728542540307?e=1756944000&v=beta&t=H9PuKC4QU88KWLxA-HxyTwwZ70COWH7qPSU77oHj33M","ACoAAC03VPcBuyNz8bYbuiR6qqmT-tPjv2TGomU","https://www.linkedin.com/in/ACoAAC03VPcBuyNz8bYbuiR6qqmT-tPjv2TGomU","LIKE"
"2nd","Motion Graphic Designer","Praveen Kumar","https://media.licdn.com/dms/image/v2/D5603AQFEf3tOb_rOmg/profile-displayphoto-scale_400_400/B56Ze5aVPwHUAg-/0/1751162379254?e=1756944000&v=beta&t=livqL80hOngwm65hLFEy9tr2BIFYLf8D2gp6eqIuzhw","ACoAACFdrH8BZvL8FLC-g5v1V6OH2SiIV5ihI0w","https://www.linkedin.com/in/ACoAACFdrH8BZvL8FLC-g5v1V6OH2SiIV5ihI0w","LIKE"
"2nd","Motion Designer/Animator","Rodrigo Blergh","https://media.licdn.com/dms/image/v2/D4E03AQFM_aw8QAADOA/profile-displayphoto-shrink_100_100/profile-displayphoto-shrink_100_100/0/1721399587232?e=1756944000&v=beta&t=eYv4hfRl25OdFU45422VDHQugiLWMtThnHx693jO3fo","ACoAABvcyTABVDxoTompmNwKxncsYyr9eafsgbA","https://www.linkedin.com/in/ACoAABvcyTABVDxoTompmNwKxncsYyr9eafsgbA","LIKE"
"3rd+","Graphic Designer / Project Manager ▷ Developing Digital/Print Brand Identity & Concepts","Sergio Rodriguez","https://media.licdn.com/dms/image/v2/D4D35AQHoKWnv3_T_lw/profile-framedphoto-shrink_400_400/profile-framedphoto-shrink_400_400/0/1654765649526?e=1751990400&v=beta&t=BAdRxKRO8mjVDfSExPisPTnaK-oEVgkVb7mX6IwUTuE","ACoAACup6swBUOhbTne8YZcIecMVihGQ7yaHDXg","https://www.linkedin.com/in/ACoAACup6swBUOhbTne8YZcIecMVihGQ7yaHDXg","LIKE"
"2nd","Copywriter, Google Cloud","Benjamin Aguirre","https://media.licdn.com/dms/image/v2/C5603AQEDKESMGxEEIg/profile-displayphoto-shrink_100_100/profile-displayphoto-shrink_100_100/0/1660172159876?e=1756944000&v=beta&t=zoOR4lTCdN-zBSp6U2oEwouruW43YDreFTw5yLdcFr8","ACoAABoFE5YBFarRLqYNBDyXC7clfeUM2ovr6zA","https://www.linkedin.com/in/ACoAABoFE5YBFarRLqYNBDyXC7clfeUM2ovr6zA","LIKE"
"2nd","Motion Designer + Illustrator","Kailey Stephen-Lane","https://media.licdn.com/dms/image/v2/D5635AQHdPezZTA0pXw/profile-framedphoto-shrink_400_400/profile-framedphoto-shrink_400_400/0/1738107536251?e=1751990400&v=beta&t=WLE5RfUbKViUxHBP-jOfxGzuBxMf6CI5lJhK7cxxro4","ACoAABSBrvMBSsJ00-OAvsO2M3go5OHsBu4TCP8","https://www.linkedin.com/in/ACoAABSBrvMBSsJ00-OAvsO2M3go5OHsBu4TCP8","EMPATHY"
"2nd","Motion Designer, former 2D Animator at BUCK LA, Animation Director, Worked with Apple, Google, Airbnb, Amazon, Sony","Maria Eugênia Cruz","https://media.licdn.com/dms/image/v2/D5603AQErrcZs3BbU0Q/profile-displayphoto-shrink_100_100/profile-displayphoto-shrink_100_100/0/1728937137557?e=1756944000&v=beta&t=LqC5X49TLVNJooOjM6O0GYZaWLvBDztlE5yVoCFgcwU","ACoAACoPz3QBPiYsRZwUxJ2WqfgYZmtEP2sc9Gw","https://www.linkedin.com/in/ACoAACoPz3QBPiYsRZwUxJ2WqfgYZmtEP2sc9Gw","EMPATHY"
"2nd","3D Motion Graphics Designer | Cinema 4D • Redshift • After Effects • Adobe CC • X-Particles | 6+ Years of Visual Stories | Product Animation • Digital Marketing • Brand Storytelling | Learning UE 5.5, Blender and Figma","Eva Nage Lacuskova","https://media.licdn.com/dms/image/v2/D5635AQGX4VUgVBG3kw/profile-framedphoto-shrink_400_400/B56ZdfMqtiGoAc-/0/1749648846216?e=1751990400&v=beta&t=fCQUxZpclVKAUJgHZ1gBsKRMmxU0FtkECNptvJOXGzw","ACoAAATur5EBl_zraysTY-YnZHPON0F5f7CJ17g","https://www.linkedin.com/in/ACoAAATur5EBl_zraysTY-YnZHPON0F5f7CJ17g","PRAISE"
"2nd","Brand Design at Nationwide | Campaign Future Leader 2022 | Dubai Lynx Judge 2024","Becci Salmon","https://media.licdn.com/dms/image/v2/D4E03AQGU7IK4hswSuw/profile-displayphoto-shrink_100_100/profile-displayphoto-shrink_100_100/0/1693689891804?e=1756944000&v=beta&t=1-LlDRgCAtFhBanZQuotMlnAPp_pM2uGCukxHZaQOnE","ACoAAA5IVGMBcxHaIy_6-CCpVhBZjVLkIVbIlko","https://www.linkedin.com/in/ACoAAA5IVGMBcxHaIy_6-CCpVhBZjVLkIVbIlko","LIKE"
"2nd","Motion Design & Creative Direction","Edu Altarriba","https://media.licdn.com/dms/image/v2/D4D03AQFvK1oPbEJqnQ/profile-displayphoto-shrink_100_100/profile-displayphoto-shrink_100_100/0/1678486612863?e=1756944000&v=beta&t=eGHJXIVI0SlEIlj0kPZLPTS6C1H28ZSIV074kP37AgE","ACoAAA35THQBj0kp9RhkMiqarPA_mDA1J5f3bOY","https://www.linkedin.com/in/ACoAAA35THQBj0kp9RhkMiqarPA_mDA1J5f3bOY","LIKE"
"3rd+","Graphic & Motion Designer","Pedro Morrison Bonatto","https://media.licdn.com/dms/image/v2/C4D03AQEhgaXyqXuOSw/profile-displayphoto-shrink_100_100/profile-displayphoto-shrink_100_100/0/1613653289482?e=1756944000&v=beta&t=aFcBhjwCqgY27Avgap6T1iDvRjVWC6HcYorZAbR-E0k","ACoAABOyGAEBvKu5po4RpQuV2WDxGvkvYFMxoVM","https://www.linkedin.com/in/ACoAABOyGAEBvKu5po4RpQuV2WDxGvkvYFMxoVM","LIKE"
"2nd","Creative Director at Motion x Motion","Aakash Dhoot","https://media.licdn.com/dms/image/v2/D4D03AQG27Nmx7Ts9tQ/profile-displayphoto-shrink_100_100/profile-displayphoto-shrink_100_100/0/1712911432958?e=1756944000&v=beta&t=VbDB5HuvehbDCUpuoOnYiLUX04Iaw2gOmgLF6j475BE","ACoAACLX-JMBsItCK1BaDbjqdB4Wofj52qA9Y44","https://www.linkedin.com/in/ACoAACLX-JMBsItCK1BaDbjqdB4Wofj52qA9Y44","LIKE"
"2nd","Motion Designer at Ahooy Creative","Ville Lappeteläinen","https://media.licdn.com/dms/image/v2/C4D03AQHhIjn42zwgkg/profile-displayphoto-shrink_100_100/profile-displayphoto-shrink_100_100/0/1658904726348?e=1756944000&v=beta&t=qzw08lmtI0NKR-WkU4F_NNXTjY2U1K6wCDPKqjj7NMs","ACoAABU3-5oBlM5RUcvuEVdUr313SDPNUWvj9p4","https://www.linkedin.com/in/ACoAABU3-5oBlM5RUcvuEVdUr313SDPNUWvj9p4","EMPATHY"
"3rd+","Video Production Specialist at Restless","Ben Crisp",,"ACoAACcnRREBuQ67KCHbuJTT4vHv4JLk9PxX-Hg","https://www.linkedin.com/in/ACoAACcnRREBuQ67KCHbuJTT4vHv4JLk9PxX-Hg","LIKE"
"2nd","Motion Designer for Founders and Business Owners","Kef Williams","https://media.licdn.com/dms/image/v2/D4D03AQGQznsneVXwlQ/profile-displayphoto-shrink_800_800/B4DZYHjmPCGwAc-/0/1743883494934?e=1756944000&v=beta&t=18UJVD6xOZ1FHbkZ7bcW3Ag29sNW7aCcxubgpe_c3OQ","ACoAACEVNWwBDOtnHN0uQpOaRsZ1nW-LHYq_cNQ","https://www.linkedin.com/in/ACoAACEVNWwBDOtnHN0uQpOaRsZ1nW-LHYq_cNQ","LIKE"
"2nd","Illustrator","Arunas Kacinskas","https://media.licdn.com/dms/image/v2/D4D03AQGJ3UasTgbaBw/profile-displayphoto-shrink_400_400/B4DZc7tQo5HwAs-/0/1749053410817?e=1756944000&v=beta&t=ezDivRw5tODrYNmM44_XDAudELANi16Vt_y_bS76y4I","ACoAAATn3oUBquptSdOsPYH_Yj2SCQYtaVtTwQE","https://www.linkedin.com/in/ACoAAATn3oUBquptSdOsPYH_Yj2SCQYtaVtTwQE","LIKE"
"3rd+","Motion Director at INFINITO","Carlos Vargas","https://media.licdn.com/dms/image/v2/D4E03AQHPHYCpUwpaYQ/profile-displayphoto-shrink_100_100/profile-displayphoto-shrink_100_100/0/1719885921701?e=1756944000&v=beta&t=Olidfo3yMuvX-ZdHprgEexzrS9QhI8FEB8YqNGH1Urc","ACoAACK4NwwBC5P2UchfHCZirTDggoNN7JFwaC4","https://www.linkedin.com/in/ACoAACK4NwwBC5P2UchfHCZirTDggoNN7JFwaC4","LIKE"
"2nd","Multimedia Designer","Adriano D'Aguiar","https://media.licdn.com/dms/image/v2/D4E03AQGhGI3gtpaABA/profile-displayphoto-shrink_100_100/profile-displayphoto-shrink_100_100/0/1674488044506?e=1756944000&v=beta&t=2bjRbM3G_dbrtzP0Lm876wP44AMCCXrCCpzJ8ycc124","ACoAAAR1cyMBhMAWfo0dtHLaP3BoT_NeaEo7RvI","https://www.linkedin.com/in/ACoAAAR1cyMBhMAWfo0dtHLaP3BoT_NeaEo7RvI","LIKE"
"2nd","Brand + Motion Designer - Amazon, Spotify, HP","Sam Morgan","https://media.licdn.com/dms/image/v2/D5603AQFiIWOjlrGeUw/profile-displayphoto-shrink_100_100/profile-displayphoto-shrink_100_100/0/1724882627774?e=1756944000&v=beta&t=qoEQ4UAyhJDnEBewYU9vI35PLcqYcNP479UOEAMfbUQ","ACoAABszhxMBNHW1llLSG4cqUp7oYlxvk2ddfL0","https://www.linkedin.com/in/ACoAABszhxMBNHW1llLSG4cqUp7oYlxvk2ddfL0","LIKE"
"2nd","2D animator & illustrator","Bárbara Nozari","https://media.licdn.com/dms/image/v2/D4D03AQGz9VIg3npnqA/profile-displayphoto-shrink_100_100/profile-displayphoto-shrink_100_100/0/1706177353125?e=1756944000&v=beta&t=ClPfeu176TU9PO8Z0wu197uWtIWcBEZnm8TzK4Tfnsw","ACoAAAa6N2kBGZQIdTJhmCoKUJltPV-eIpS6xZI","https://www.linkedin.com/in/ACoAAAa6N2kBGZQIdTJhmCoKUJltPV-eIpS6xZI","LIKE"
"2nd","Brand identity | UX/ UI | Motion Designer","Mobolaji-Johnson Olaniyan","https://media.licdn.com/dms/image/v2/D4D03AQEgroCT41rH9w/profile-displayphoto-shrink_100_100/profile-displayphoto-shrink_100_100/0/1698836089462?e=1756944000&v=beta&t=V-N_5HM4MvflHpuJCIsQiyYHdpnZZ8azxJc5Wj4Ox94","ACoAAChFZpEB8GncqC77hGIXnJF1zoT7rwzt7G8","https://www.linkedin.com/in/ACoAAChFZpEB8GncqC77hGIXnJF1zoT7rwzt7G8","LIKE"
"2nd","Visual & Brand Designer | Building identities for Web3 and emerging tech","Daniel Muller","https://media.licdn.com/dms/image/v2/D4E03AQE1R6UO5RBI4w/profile-displayphoto-shrink_100_100/B4EZbgw7BMGcAY-/0/1747527643571?e=1756944000&v=beta&t=n5LMTQez1jhs2Gfmor9t2_FVWh8aiPxnGSMoP5dFyNo","ACoAADN_JEABpXq0L8jrJYhdDbl5YlKPYnrk7Sw","https://www.linkedin.com/in/ACoAADN_JEABpXq0L8jrJYhdDbl5YlKPYnrk7Sw","LIKE"
"2nd","Creative Designer | Brand Guardian","Daniel Quintero","https://media.licdn.com/dms/image/v2/C4E03AQEELTUwzZzOpA/profile-displayphoto-shrink_100_100/profile-displayphoto-shrink_100_100/0/1649880959271?e=1756944000&v=beta&t=Ji9plAn-z-6pVe8NlQH7pRrh2w-zEQYNZJyAJ7xI98I","ACoAADrsVnIBd4PwUPHVjxt9KsWmYgCmv9bk6Ws","https://www.linkedin.com/in/ACoAADrsVnIBd4PwUPHVjxt9KsWmYgCmv9bk6Ws","INTEREST"
"2nd","Founder at Bisuala | Elevating Gaming, Digital Products & Brand Identity Through Motion Design","Marc Vilarnau","https://media.licdn.com/dms/image/v2/D4D03AQG8xw3Me_1YCw/profile-displayphoto-shrink_800_800/B4DZTRfsbBH0Ag-/0/1738681534574?e=1756944000&v=beta&t=tCwHRShjLEignm71p5Tb07D5y8weLVOXuKUuIesy83Y","ACoAAATzXFsBt1mkQwSqWWK8fBbQNOGnBcsvrRU","https://www.linkedin.com/in/ACoAAATzXFsBt1mkQwSqWWK8fBbQNOGnBcsvrRU","LIKE"
"2nd","Executive Creative Director","Micha Seger","https://media.licdn.com/dms/image/v2/D4E03AQEZ0Ju0Ftj2vw/profile-displayphoto-shrink_100_100/profile-displayphoto-shrink_100_100/0/1678922939608?e=1756944000&v=beta&t=QWVNkRhNfC3rhiJX9K1_hk3hmeOjrQcx-pVHZbh0B8g","ACoAABIuhXUBWkI7fRfS4OMd2ZPFch6fkbl2Kkw","https://www.linkedin.com/in/ACoAABIuhXUBWkI7fRfS4OMd2ZPFch6fkbl2Kkw","LIKE"
"2nd","Freelance Motion and Visual Designer","Ashish Avale","https://media.licdn.com/dms/image/v2/C4D03AQHu6et14LpSMg/profile-displayphoto-shrink_100_100/profile-displayphoto-shrink_100_100/0/1620924003433?e=1756944000&v=beta&t=5fAjzCpgSfhO7J9b9QJblwzf07F7IpZHnJ0dt4UUAYc","ACoAACgmhMYBX9QmH60RqufnwH1ruUKO2YBho50","https://www.linkedin.com/in/ACoAACgmhMYBX9QmH60RqufnwH1ruUKO2YBho50","PRAISE"
"2nd","Senior Motion Designer","Dan Stein","https://media.licdn.com/dms/image/v2/C4D03AQGNEzHg172Hgw/profile-displayphoto-shrink_100_100/profile-displayphoto-shrink_100_100/0/1568528742516?e=1756944000&v=beta&t=4nICZpbMz7psIGS7BB09jQZYpV6dy6K13shB71t4aLo","ACoAABNqt-MBP0K0DrIgHrOg-4T0_mpD1oLQOHE","https://www.linkedin.com/in/ACoAABNqt-MBP0K0DrIgHrOg-4T0_mpD1oLQOHE","EMPATHY"
"2nd","Creative Director, Motion","Daniel Kennington","https://media.licdn.com/dms/image/v2/D4E03AQHCNJmVYoNbJw/profile-displayphoto-shrink_100_100/profile-displayphoto-shrink_100_100/0/1696966199407?e=1756944000&v=beta&t=uYk51qqKV10FpLr7lt5gpCSXHJK319RwQl1E0l_EA1g","ACoAABH8N9cBFRBcxoSFMoP4F2WsjeJAYfhgMBo","https://www.linkedin.com/in/ACoAABH8N9cBFRBcxoSFMoP4F2WsjeJAYfhgMBo","LIKE"
"2nd","Visual & Motion Designer | Generative AI Creative | Team Mentor","Ricardo Donoso Palma","https://media.licdn.com/dms/image/v2/D4E03AQHem9hCl_aSgg/profile-displayphoto-shrink_100_100/B4EZarnRSvHoAg-/0/1746635921164?e=1756944000&v=beta&t=vuYsJYDe5A0gLbLsQMMNvDiji0MaeptBPcqe7b18hA4","ACoAAAR6g9EBxqsOoSuRpcTIJH6RaTddYPCLjqE","https://www.linkedin.com/in/ACoAAAR6g9EBxqsOoSuRpcTIJH6RaTddYPCLjqE","PRAISE"
"2nd","Illustrator – Worked with Nike, Google, The Guardian, Wired + many more","Bratislav Milenkovic","https://media.licdn.com/dms/image/v2/C4E03AQEb_zPWHUTVOQ/profile-displayphoto-shrink_100_100/profile-displayphoto-shrink_100_100/0/1652783099098?e=1756944000&v=beta&t=YOe9VCY8BrKi12OxJQ3orxxpFlMWK90RD5qGIkL2rVE","ACoAADukANkBl_chffe0UxaXBGWEt3F5WVgh9Wg","https://www.linkedin.com/in/ACoAADukANkBl_chffe0UxaXBGWEt3F5WVgh9Wg","LIKE"
"2nd","Multidisciplinary Designer | Available for Global & Remote Work","Preeti S.","https://media.licdn.com/dms/image/v2/D5603AQFKUv_8Uhw-FQ/profile-displayphoto-shrink_800_800/B56ZTAeE3cHsAc-/0/1738395898490?e=1756944000&v=beta&t=uS4jFLILQa9zByfkQsT876Y1QxIjGH6I3wOdVroaBoY","ACoAAESBxJUBs-8KS_D2iLr3NJJDGKwQrg1BGjY","https://www.linkedin.com/in/ACoAAESBxJUBs-8KS_D2iLr3NJJDGKwQrg1BGjY","LIKE"
"2nd","Graphic & Motion Designer | Branding & Marketing Design | Enhancing Visuals with AI & Creativity","Ilgar Nabizade","https://media.licdn.com/dms/image/v2/D5635AQH6-3p2xH3dAg/profile-framedphoto-shrink_400_400/B56ZVRdAu3GsAc-/0/1740828315096?e=1751990400&v=beta&t=-uFW9wlr2EdtwA5BlsImgP67WzNo6NVPtQvey_3_GCI","ACoAADN49ukBUhnE6kg0y5OrKUdbew725EpcXGQ","https://www.linkedin.com/in/ACoAADN49ukBUhnE6kg0y5OrKUdbew725EpcXGQ","LIKE"
"2nd","Design Director at TIAA","Miguel Trujillo","https://media.licdn.com/dms/image/v2/D4E03AQGGSmjK0nyseQ/profile-displayphoto-shrink_200_200/B4EZbMAVN8HYAY-/0/1747179361642?e=1756944000&v=beta&t=kQlaOQ-0YFoBFBcPA5zd9L2fzLigiyVNOxbbOzGY97Q","ACoAACPc690BoDlDE2Fc9C9IKqnJ9_rEyvQfO2g","https://www.linkedin.com/in/ACoAACPc690BoDlDE2Fc9C9IKqnJ9_rEyvQfO2g","LIKE"
"3rd+","Motion Designer","Isra Hernandez","https://media.licdn.com/dms/image/v2/C4E03AQGb08C7IhSe7Q/profile-displayphoto-shrink_100_100/profile-displayphoto-shrink_100_100/0/1612558773454?e=1756944000&v=beta&t=aSU1Q7iZnvvr1rJ_nsFORedsbs-vmQVOIxHrts81158","ACoAADFh4EwB0aXfmfdLowJr9rM2QGWJcHJVBls","https://www.linkedin.com/in/ACoAADFh4EwB0aXfmfdLowJr9rM2QGWJcHJVBls","LIKE"
"2nd","Digital & Motion Designer","Ferdi ✷ Jajai","https://media.licdn.com/dms/image/v2/C4E03AQFrtkQ0i_4jSw/profile-displayphoto-shrink_100_100/profile-displayphoto-shrink_100_100/0/1657617291745?e=1756944000&v=beta&t=X-YsZzU4YiS_bGnhXXDq4loNNTaG84SpMStBE7ayqL8","ACoAABI2KdcBT6o_VvQ6THOkHBwRs_h--ixT5gM","https://www.linkedin.com/in/ACoAABI2KdcBT6o_VvQ6THOkHBwRs_h--ixT5gM","EMPATHY"
"3rd+","Motion & Visual Designer | Crafting strategic visuals for brands & digital products.","Camila P.","https://media.licdn.com/dms/image/v2/D4D03AQHMJNSP6muG3Q/profile-displayphoto-shrink_100_100/profile-displayphoto-shrink_100_100/0/1724430063813?e=1756944000&v=beta&t=dt1EaG08oE24jRYrljSc_CnUkTsa5fa5m9h01GN5IUs","ACoAADb0WmMB4WXaY8iBH4hEo8nqGqZC20TlkHU","https://www.linkedin.com/in/ACoAADb0WmMB4WXaY8iBH4hEo8nqGqZC20TlkHU","LIKE"
"3rd+","Motion Designer/Video editor","Matthew O'Donoghue","https://media.licdn.com/dms/image/v2/D4E35AQGbaSijdd-YYg/profile-framedphoto-shrink_400_400/B4EZYfmSQeHkAg-/0/1744286852425?e=1751990400&v=beta&t=fQU1zrEoZJ9K0Z1aByElvxpHeSgvCPeS95ZMNmyowDY","ACoAAALN1pwBduqmhSz0vZBVAs_psEAuG-PcLAI","https://www.linkedin.com/in/ACoAAALN1pwBduqmhSz0vZBVAs_psEAuG-PcLAI","LIKE"
"2nd","Motion Director at Koto","Santiago Avila","https://media.licdn.com/dms/image/v2/C4D03AQFiPo7Fr5Ak9w/profile-displayphoto-shrink_100_100/profile-displayphoto-shrink_100_100/0/1650916694787?e=1756944000&v=beta&t=A6QhX1R1gy6vkYcRx06TnQtgzUNXrudUhmBvFWwskjs","ACoAAC0nU60BE2uq8Sjuab0i-E-sA6vC-1upM1w","https://www.linkedin.com/in/ACoAAC0nU60BE2uq8Sjuab0i-E-sA6vC-1upM1w","EMPATHY"
"2nd","Helping Brands to move with Motion Design","Henning Bauschulte","https://media.licdn.com/dms/image/v2/D4E03AQFuljzy9mLr7g/profile-displayphoto-shrink_800_800/B4EZWthff6GwAc-/0/1742372993518?e=1756944000&v=beta&t=-gfNOy--3HTPmxS1oYqQ2_juwFl4EzyFzkAeKVsVbeE","ACoAAC2dz_UB0vUXeahKSzjLk6wt1Nq12PJvUf8","https://www.linkedin.com/in/ACoAAC2dz_UB0vUXeahKSzjLk6wt1Nq12PJvUf8","LIKE"
"2nd","Cinematic Animator @ Kforce | Motion Graphics","Ronald Cortez","https://media.licdn.com/dms/image/v2/D4E03AQGCw2U7-z91bQ/profile-displayphoto-shrink_400_400/B4EZdqzUOdH0Ak-/0/1749843527088?e=1756944000&v=beta&t=g574E-fMIgyCrjkvn75j2q61N9YO8tj8wvOyo96Nyws","ACoAAAUCatcB2XlYTALg5iy_1vnoHt4OHexEDpM","https://www.linkedin.com/in/ACoAAAUCatcB2XlYTALg5iy_1vnoHt4OHexEDpM","LIKE"
"2nd","Motion Designer focused on Branding | Art Direction | Explainer & Promo Videos | Graphic Design","Luan Gabriel","https://media.licdn.com/dms/image/v2/D4D03AQHfWl_vR9v_aA/profile-displayphoto-shrink_800_800/B4DZco2h_aH4Ac-/0/1748737073497?e=1756944000&v=beta&t=YamFJX91_cjC7Nmkk8fqK9f0bdM2J0fuzcqV5TRL0PA","ACoAADlpsucBGdRLgk6A1JISoLn1GXDrUB326oA","https://www.linkedin.com/in/ACoAADlpsucBGdRLgk6A1JISoLn1GXDrUB326oA","EMPATHY"
"2nd","Motion Designer","Yhareli Chamboneth","https://media.licdn.com/dms/image/v2/D4E03AQEIjknRipqO9Q/profile-displayphoto-shrink_100_100/profile-displayphoto-shrink_100_100/0/1685628466009?e=1756944000&v=beta&t=JPqrcnrXIy9sUCJspKK2o1_yPuAh65ZUhUpIjOJDbDg","ACoAAAfQ9B8BSV9QpH8ONEAau8Igz3R1fiHzs80","https://www.linkedin.com/in/ACoAAAfQ9B8BSV9QpH8ONEAau8Igz3R1fiHzs80","LIKE"
